id,_id,company,first_name,,job_title,last_name
4,63dd100a07d5cbf00b671835,Supplier D,Naoki,,Marketing Manager,Sato
5,63dd100a07d5cbf00b671836,Supplier E,Amaya,,Sales Manager,Hernandez-Echevarria
6,63dd100a07d5cbf00b671837,Supplier F,Satomi,,Marketing Assistant,Hayakawa
7,63dd100a07d5cbf00b671838,Supplier G,Stuart,,Marketing Manager,Glasson
8,63dd100a07d5cbf00b671839,Supplier H,Bryn Paul,,Sales Representative,Dunton
2,63dd100a07d5cbf00b67183a,Supplier B,Cornelia,,Sales Manager,Weiler
9,63dd100a07d5cbf00b67183b,Supplier I,Mikael,,Sales Manager,Sandberg
3,63dd100a07d5cbf00b67183c,Supplier C,Madeleine,,Sales Representative,Kelley
1,63dd100a07d5cbf00b67183d,Supplier A,Elizabeth A.,,Sales Manager,Andersen
10,63dd100a07d5cbf00b67183e,Supplier J,Luis,,Sales Manager,Sousa
